accountCode,accountName,billingCity,billingState,billingCountry
2501100,Lizzy Markus,San Francisco,California,United States
2502041,Netta Linnette,San Francisco,California,United States
2501826,Sanford Fritzi,San Francisco,California,United States
2501537,Tyson Meinhard,San Francisco,California,United States
2501115,Anise Lianne,San Francisco,California,United States
2502120,Yawara Miyata,Las Angeles,California,United States
2501900,Rui Nozawa,Las Angeles,California,United States
2502139,Shima Sugihara,Sacramento,California,United States
2501549,Takeki Sekiguchi,Las Vegas,Nevada,United States
2501925,Haruna Miyashita,Las Vegas,Nevada,United States
2501702,Ying Tao,Reno,Nevada,United States
2501087,Jiang Li Ku,Reno,Nevada,United States
2501830,Bo Hsing,Las Vegas,Nevada,United States
2501573,Dai Jen,Tuscon,Arizona,United States
2501077,Flavus Labingi,Tuscon,Arizona,United States
2501307,Everard Gamgee,Tuscon,Arizona,United States
2501486,Cora Hayward,Phoenix,Arizona,United States
2501348,Riley Taber,Denver,Colorado,United States
2501329,Brianna Woore,Denver,Colorado,United States
2502098,Natalie Rayment,Boulder,Colorado,United States
2501250,Bruce Youl,Boulder,Colorado,United States
2501523,Bruce Miller,Boulder,Colorado,United States
2501240,Bruce Smith,Colorado Springs,Colorado,United States
2501444,Bruce Jenson,Colorado Springs,Colorado,United States
2502053,Kelly Northriver,Estes Park,Colorado,United States
2501557,Internal User,San Francisco,Colorado,United States
2501300,Internal User,San Francisco,Colorado,United States
2501600,Internal User,San Francisco,Colorado,United States